"","CIT103","CIT107","CIT112","CIT129","CIT135","CIT139","CIT142","CIT148","CIT150","CIT151","CIT153","CIT155","CIT169","CIT171","CIT178","CIT193","CIT202","CIT209","CIT215","CIT218","CIT219","CIT220","CIT221","CIT239","CIT240","CIT241","CIT242","CIT244","CIT247","CIT249","CIT250","CIT251","CIT255","CIT256","CIT257","CIT258","CIT263","CIT270","CIT272","CIT273","CIT275","CIT280","CIT282","CIT283","CIT285","CIT286","CIT288","CIT293","CIT299","CIT300","CIT301","CIT302","CIT303","CIT304","CIT310","CIT311","CIT314","CIT316","CIT318","CIT323","CIT344","CIT345","CIT346","CIT347","CIT348","CIT349","CIT352","CIT353","CIT354","CIT39","CIT43","CIT46","CIT47","CIT53","CIT54","CIT56","CIT60","CIT63","CIT64","CIT67","CIT68","CIT74","CIT85","CIT86","CIT90","CIT92","CIT93","CIT94","CIT98","CIT99","CIT100","CIT105","CIT130","CIT175","CIT17","CIT194","CIT199","CIT1","CIT276","CIT289","CIT308","CIT33","CIT62","CIT76","CIT7","CIT120","CIT12","CIT141","CIT14","CIT15","CIT170","CIT180","CIT181","CIT187","CIT188","CIT190","CIT19","CIT25","CIT260","CIT28","CIT294","CIT30","CIT31","CIT32","CIT38","CIT50","CIT55","CIT65","CIT72","CIT75","CIT78","CIT81","CIT84","CIT8","CIT97","CIT102","CIT106","CIT108","CIT127","CIT134","CIT138","CIT147","CIT156","CIT172","CIT177","CIT179","CIT182","CIT185","CIT186","CIT192","CIT23","CIT252","CIT253","CIT254","CIT259","CIT262","CIT265","CIT266","CIT267","CIT268","CIT269","CIT26","CIT274","CIT277","CIT281","CIT290","CIT2","CIT34","CIT36","CIT37","CIT40","CIT70","CIT73","CIT79","CIT80","CIT82","CIT83","CIT91","CIT96"
"EEF1A1",-1,-1,-1,-1,1,0,0,1,0,0,0,0,1,0,0,0,0,0,0,0,0,0,0,0,0,0,0,-1,0,0,1,0,0,0,0,0,0,0,0,-1,-1,0,-1,0,0,-1,0,0,0,0,0,0,0,0,1,0,0,0,0,0,0,0,0,0,0,0,0,0,0,0,1,0,0,0,0,0,0,0,0,0,0,0,-1,0,0,0,0,1,-1,-1,0,-1,0,0,0,0,0,0,0,0,-1,0,-1,0,0,1,-1,0,1,0,0,-1,-1,0,-1,1,1,0,0,0,0,0,0,-1,0,0,0,-1,1,0,0,-1,1,-1,0,0,0,0,0,-1,1,0,0,1,-1,0,1,0,0,0,-1,0,-1,0,0,0,0,0,0,0,0,0,0,0,0,1,0,0,-1,0,-1,1,1,0,0,-1,0,0,0
"HOXD1",-1,-1,0,0,0,1,0,0,0,-1,0,0,0,0,0,0,0,0,0,0,0,0,0,0,0,0,0,0,0,0,0,0,0,0,-1,0,0,0,0,0,-1,0,-1,0,0,-1,-1,0,0,0,0,0,0,0,0,0,0,0,0,0,0,0,NA,NA,0,0,0,0,NA,0,0,0,0,0,0,0,0,0,0,0,0,-1,-1,0,0,0,0,0,-1,-1,0,0,0,0,0,0,0,1,0,-1,-1,0,0,1,-1,-1,0,1,0,0,0,1,0,0,0,0,0,1,0,0,0,1,0,0,0,0,0,1,-1,0,-1,0,1,-1,0,0,0,0,0,0,0,-1,0,0,0,0,0,0,0,0,0,0,0,0,0,0,0,-1,-1,0,-1,0,0,0,0,0,0,-1,1,0,-1,-1,0,0,1,0,0,0,0
"IFI16",1,1,1,0,1,2,0,0,0,1,0,0,0,1,0,0,1,1,0,1,0,0,0,1,0,0,1,1,0,0,0,0,1,0,2,1,1,0,0,1,0,1,1,0,0,0,0,0,1,0,0,0,0,1,1,0,0,0,0,0,0,0,0,0,0,0,0,0,0,1,1,1,1,0,0,1,1,0,1,1,0,0,0,1,0,1,0,1,1,0,1,0,1,1,1,0,0,0,1,0,1,0,1,1,0,0,0,0,1,0,0,1,0,0,1,1,0,0,0,0,1,0,0,0,-1,1,0,1,0,2,1,0,1,1,1,0,1,1,0,1,0,2,0,1,0,0,1,0,0,1,1,0,0,0,1,0,1,0,0,0,0,0,0,0,0,0,0,1,0,0,1,1,0,0,1,1,0,0,1
"ID2",0,1,0,0,0,0,0,0,0,0,0,1,0,0,0,0,1,0,0,0,0,0,0,0,0,0,0,0,0,0,0,0,0,0,1,0,0,0,0,0,0,1,0,0,0,-1,0,0,0,0,0,0,0,0,0,0,0,0,0,0,NA,NA,0,NA,0,0,0,0,NA,1,0,1,0,0,0,0,-1,0,0,0,0,0,0,0,1,0,0,0,-1,-1,1,0,0,1,0,0,0,0,0,1,0,0,0,0,0,0,0,1,0,0,0,0,0,0,0,0,-1,0,0,0,0,0,-1,0,1,0,0,0,1,0,-1,0,0,0,0,0,0,0,0,0,0,1,0,1,0,0,1,1,0,1,-1,0,0,0,1,0,1,-1,-1,0,0,0,0,1,0,1,0,-1,1,0,-1,0,0,0,1,1,0,0,0
"GRHL1",0,1,0,0,0,0,0,0,0,0,0,1,0,0,0,0,1,0,0,0,0,0,0,0,0,0,0,0,0,0,0,0,0,0,1,0,0,0,0,0,0,1,0,0,0,-1,0,0,0,0,0,0,0,0,0,0,0,0,0,0,NA,NA,0,NA,0,0,0,0,NA,1,0,1,0,0,0,0,-1,0,0,0,0,0,0,0,1,0,0,0,-1,-1,1,0,0,1,0,0,0,0,0,1,0,0,0,0,0,0,0,1,0,0,0,0,0,0,0,0,-1,0,0,0,0,0,-1,0,1,0,0,0,1,0,-1,0,0,0,0,0,0,0,0,0,0,1,0,1,0,0,1,1,0,1,-1,0,0,0,1,0,1,-1,-1,0,0,0,0,1,0,1,0,-1,1,0,-1,0,0,0,1,1,0,0,0
"NR1H4",0,0,0,0,0,0,-1,0,0,0,0,0,0,0,0,0,0,0,0,0,0,0,0,0,0,0,0,0,0,0,-1,0,0,0,1,0,0,0,0,0,0,1,0,0,0,0,0,0,0,0,0,0,0,0,0,0,0,NA,0,0,NA,0,NA,NA,0,0,NA,0,0,0,0,1,0,0,1,0,0,0,1,0,0,0,0,NA,0,0,0,0,-1,0,0,0,0,1,0,0,0,1,0,0,0,0,0,1,0,0,0,0,0,0,0,0,-1,0,0,0,0,0,0,0,0,0,0,0,0,0,0,0,-1,-1,-1,0,1,0,0,0,0,0,0,-1,1,0,-1,1,0,0,0,0,0,-1,0,0,0,0,1,0,-1,-1,0,0,0,0,0,0,0,0,0,0,1,0,-1,0,0,0,-1,-1,0,0,0
"HOXB2",1,1,1,0,0,1,1,0,0,0,0,0,0,0,0,0,-1,0,0,0,0,0,0,0,0,1,0,0,0,0,0,0,0,1,1,0,0,0,0,1,0,1,0,0,0,0,0,0,0,0,0,0,0,0,0,0,0,0,1,0,0,0,0,NA,0,0,0,0,0,0,1,0,0,0,1,1,0,0,0,0,0,0,0,1,0,0,1,1,0,-1,1,0,0,1,0,0,0,0,0,0,0,0,1,-1,0,1,0,0,0,0,0,0,0,0,1,0,0,0,0,0,0,0,0,0,1,1,0,-1,-1,0,1,0,1,0,0,0,0,1,0,0,0,0,1,0,0,0,0,0,0,-1,0,0,0,0,1,0,-1,1,1,1,0,0,0,0,0,1,0,0,1,1,1,1,-1,0,1,-1,1,0,-1
"MNDA",1,1,1,0,1,2,0,0,0,1,0,0,0,1,0,0,1,1,0,1,0,0,0,1,0,0,1,1,0,0,0,0,1,0,2,1,1,0,0,1,0,1,1,0,0,0,0,0,1,0,0,0,0,1,1,0,0,0,0,0,0,0,0,0,0,0,0,0,0,1,1,1,1,0,0,1,1,0,1,1,0,0,0,1,0,1,0,1,1,0,1,0,1,1,1,0,0,0,1,0,1,0,1,1,0,0,0,0,1,0,0,1,0,0,1,1,0,0,0,0,1,0,0,0,-1,1,0,1,0,2,1,0,1,1,1,0,1,1,0,1,0,2,0,1,0,0,1,0,0,1,1,0,0,0,1,0,1,0,0,0,0,0,0,0,0,0,0,1,0,0,1,1,0,0,1,1,0,0,1
"JUN",-1,1,0,0,-1,0,1,0,0,0,0,1,0,-1,0,0,0,0,0,0,0,0,0,0,0,-1,0,0,0,0,0,0,0,0,1,0,0,0,0,-1,0,0,0,0,0,0,0,0,0,0,0,0,0,-1,1,0,0,0,0,-1,0,0,0,0,0,0,0,0,0,0,0,1,0,0,0,0,0,0,0,0,0,0,0,0,0,0,0,0,0,0,0,0,0,1,-1,0,0,1,0,0,0,0,0,0,0,0,-1,0,0,0,0,0,0,0,0,1,0,0,0,0,0,0,2,0,0,0,0,0,1,0,-1,0,0,1,1,0,0,1,0,0,0,-1,0,0,0,0,0,0,0,-1,0,0,0,0,1,0,0,0,0,-1,-1,0,0,0,-1,0,0,0,0,0,-1,1,0,0,0,0,0,0,-1
"TRIM29",-1,0,0,-1,-1,-1,-1,-1,0,0,-1,-1,0,0,0,0,0,0,0,0,0,0,0,0,0,0,0,-1,0,0,0,0,0,-1,0,-1,0,0,0,0,0,0,-1,0,0,-1,0,1,0,0,0,0,0,0,-1,0,0,NA,0,0,NA,0,0,NA,-1,0,NA,0,0,0,1,0,0,0,0,-1,-1,0,0,-1,0,0,0,0,0,1,0,-1,-1,-1,1,0,0,1,0,0,0,0,0,0,-1,0,-1,0,0,0,-1,-1,0,0,0,-1,-1,0,-1,0,-1,0,0,0,-1,0,0,-1,-1,-1,0,0,-1,0,-1,-1,0,0,0,0,0,1,-1,0,0,0,-1,-1,-1,0,-1,-1,0,0,-1,0,0,0,0,-1,-1,-1,0,0,-1,0,0,-1,0,0,0,0,-1,0,0,0,-1,0,0,-1,0,0,-1
"TFAP2A",1,0,-1,0,0,1,1,0,0,0,0,0,0,0,0,0,0,0,0,0,0,0,0,0,0,0,0,-1,0,0,0,0,1,0,-1,0,0,0,0,0,0,1,0,0,0,-1,0,0,0,0,0,0,0,0,0,0,0,NA,0,0,NA,0,0,NA,0,0,0,0,0,0,1,0,0,0,0,0,0,0,0,0,0,0,0,NA,-1,0,-1,1,1,-1,0,1,0,1,0,0,0,1,0,1,1,0,1,1,-1,1,0,0,1,0,-1,-1,1,0,0,-1,1,0,0,0,0,0,0,0,1,0,0,-1,0,-1,1,0,1,1,0,0,0,2,0,0,0,1,0,1,0,0,0,0,0,1,2,0,1,1,0,0,1,-1,0,0,0,0,0,1,0,1,0,-2,1,0,1,0,1,0,0,1,1,0,0
"ZNF117",0,1,1,0,0,1,0,0,0,0,0,0,0,0,0,1,0,0,0,0,0,0,0,0,0,0,0,1,0,0,0,0,0,0,1,0,1,0,0,0,0,0,0,0,0,0,0,0,0,0,0,0,0,0,1,0,0,NA,0,NA,NA,NA,1,NA,0,1,0,0,NA,1,0,0,0,1,1,0,0,0,0,1,0,0,0,NA,0,0,0,0,-1,0,1,0,1,1,0,0,0,0,0,0,-1,0,0,0,0,1,0,2,0,0,0,0,1,0,1,1,1,0,0,0,0,0,0,-1,1,1,0,1,0,0,1,0,1,1,0,0,0,0,NA,0,0,0,0,1,-1,0,2,0,0,1,-1,0,0,0,1,0,1,-1,1,0,0,0,0,0,0,1,0,0,1,0,1,1,0,0,1,1,0,0,0
"MYC",0,1,0,0,1,-1,1,1,0,0,1,0,1,0,0,0,-1,0,0,0,0,0,0,0,0,0,0,1,0,0,1,0,0,0,1,1,0,0,0,-1,1,1,0,-1,0,-1,0,1,0,0,0,0,0,0,1,0,0,NA,0,1,NA,0,0,NA,0,0,0,0,NA,0,0,1,0,0,1,0,0,0,0,0,0,0,0,0,1,0,0,1,0,-1,1,1,1,1,0,1,0,1,0,1,-1,0,0,1,0,1,1,1,1,1,0,0,1,0,1,1,1,0,0,0,1,0,0,0,0,0,1,1,1,1,0,0,1,0,0,0,0,1,1,0,1,0,0,0,1,0,0,0,0,0,-1,0,0,0,1,1,1,0,1,2,1,0,0,1,0,0,1,1,1,1,-1,1,0,0,1,1,0,1,0
"ZDHHC2",0,1,-1,0,-1,1,-1,-1,0,0,-1,-1,-1,0,0,0,-1,0,0,0,0,0,0,0,0,0,0,0,0,0,1,-1,-1,0,-1,-1,-1,0,0,-1,0,0,-1,-1,0,1,-1,-1,0,0,0,0,0,0,-1,0,0,0,0,-1,0,0,0,NA,0,0,0,0,NA,-1,0,-1,0,0,1,0,0,0,-1,0,0,-1,0,0,-1,0,-1,-1,-1,-1,-1,-1,-1,0,0,-1,0,-1,-1,0,-1,0,-1,-1,0,-1,-1,1,-1,0,0,-1,-1,0,-1,-1,-1,0,0,-1,-1,0,0,-1,-1,0,-1,-1,-1,-1,-1,-1,-1,1,0,0,-1,-1,-1,0,0,-1,0,-1,-1,0,-1,-1,0,0,-1,0,0,0,-1,-1,-1,1,-1,1,0,0,0,0,1,-1,0,-1,0,1,-1,-1,-1,0,0,-1,-1,0,-1
"FOXM1",0,1,0,0,-1,1,1,0,0,-1,-1,1,0,0,-1,0,1,0,0,0,0,0,0,0,0,0,0,1,0,0,-1,0,0,0,0,0,0,0,0,0,-1,0,0,0,0,0,0,0,0,-1,0,0,-1,0,0,-1,0,NA,0,0,0,0,0,0,-1,0,0,0,0,0,2,1,0,0,1,0,0,0,-1,0,0,0,0,0,-1,0,0,0,0,0,1,0,-1,1,0,0,0,1,0,0,0,0,-1,-1,-1,0,0,0,0,0,-1,0,-1,0,0,1,0,0,0,-1,-1,0,0,-1,0,0,-1,1,-1,-1,0,0,1,0,-1,0,0,0,0,-1,0,-1,1,1,0,0,1,0,0,-1,1,0,0,0,0,0,1,0,1,0,0,-1,0,0,0,1,0,0,0,-1,1,1,-1,0,-1,1,-1,0,-1
"AEBP1",0,0,0,0,0,1,0,0,0,0,0,0,0,0,0,-1,-1,0,0,0,0,0,0,0,0,0,0,1,0,0,0,0,0,-1,1,0,1,0,0,0,0,0,0,0,0,-1,0,0,0,0,0,0,0,0,0,0,0,NA,0,0,NA,0,1,NA,0,-1,0,0,NA,1,1,0,0,0,1,0,0,0,0,1,0,0,0,0,0,0,0,0,-1,0,1,0,1,1,0,-1,0,1,0,0,-1,0,0,-1,1,1,0,1,0,0,0,0,1,0,1,1,1,0,0,0,0,0,0,0,0,1,0,1,0,0,0,0,1,1,0,0,0,0,0,0,0,0,0,0,0,0,1,0,0,1,-1,0,0,0,1,0,1,-1,1,0,0,0,0,0,0,0,0,0,1,-1,1,1,0,0,1,1,0,0,0
"ZIC2",1,1,0,0,0,0,-1,1,0,0,-1,0,0,0,0,-1,1,0,0,1,0,0,0,0,0,0,1,-1,0,0,0,0,0,0,0,0,1,0,0,1,1,0,0,0,0,-1,0,0,0,0,0,0,0,0,1,0,0,0,0,0,NA,0,0,NA,0,0,0,0,NA,1,1,1,0,0,0,0,1,0,1,0,0,0,-1,0,1,0,1,1,0,-1,0,0,0,-1,0,0,0,0,0,-1,0,0,0,1,-1,0,0,-1,0,0,0,-1,1,0,0,0,0,0,0,0,0,0,0,0,0,0,0,0,-1,-1,-1,-1,-1,1,0,0,1,1,0,0,0,0,1,-1,0,0,0,0,0,0,-1,0,-1,1,0,0,1,1,0,1,-1,0,0,-1,0,1,0,-1,0,1,0,1,0,0,0,1,0,0,1
"E2F8",-1,-1,-1,-1,-1,-1,-1,0,0,0,-1,-1,0,-1,0,0,-1,0,0,0,0,0,0,0,0,0,0,-1,0,0,0,0,-1,-1,0,-1,-1,0,0,-1,0,-1,-1,-1,0,-1,0,-1,0,0,0,0,0,0,-1,0,0,NA,-1,0,NA,NA,NA,NA,0,0,0,NA,NA,0,0,0,0,0,0,0,-1,0,-1,-1,-1,0,-1,NA,-1,-1,0,-1,-1,-1,-1,-1,-1,-1,-1,0,NA,0,0,0,0,0,-1,-1,0,0,0,0,0,0,0,-1,-1,0,1,0,-1,0,0,0,-1,0,-1,0,-1,-1,0,0,0,NA,-1,-1,0,0,0,0,0,1,0,-1,0,-1,-1,-1,-1,0,-1,-1,0,0,-1,0,-1,0,0,0,-1,0,0,-1,-1,0,0,-1,0,0,0,0,-1,0,0,-1,-1,0,-1,-1,0,0,0
"EYA2",0,1,1,1,0,0,1,1,0,0,1,0,0,0,0,0,1,0,0,1,0,0,0,0,0,0,0,0,0,0,0,0,1,1,1,1,0,0,0,0,2,0,0,0,0,1,0,1,0,0,0,0,0,0,1,0,0,0,1,0,0,0,0,0,0,0,0,0,0,1,1,1,1,0,1,1,0,0,0,0,0,0,0,0,0,0,2,1,0,0,1,0,1,1,1,0,0,1,0,1,0,0,1,0,0,1,1,0,0,1,0,0,1,0,0,1,1,0,0,0,1,0,0,0,1,1,0,1,0,1,0,0,0,1,0,0,0,1,0,0,0,0,1,1,1,0,1,0,0,1,0,0,1,1,1,0,0,1,1,1,0,0,0,0,0,0,0,0,1,1,1,1,0,0,1,1,0,0,1
"EZH2",0,1,0,0,0,1,0,0,0,0,0,0,0,0,0,1,0,0,0,0,0,0,0,0,0,0,0,0,0,0,0,0,0,-1,1,0,1,0,0,0,0,0,0,0,0,-1,0,0,0,0,0,0,0,0,1,0,0,NA,0,0,NA,0,1,NA,0,1,0,0,NA,1,1,0,0,1,1,0,0,0,0,1,0,0,0,0,0,0,0,0,-1,0,1,0,-1,0,0,0,0,0,0,0,-1,0,0,0,0,1,0,1,0,0,0,0,1,0,0,1,1,0,0,0,0,0,-1,-1,0,0,0,1,0,0,0,0,0,1,0,0,0,0,0,0,0,-1,0,1,1,0,0,0,0,1,-1,0,0,0,1,0,1,-1,1,0,0,0,0,1,0,0,0,0,0,0,1,1,0,0,1,0,0,0,0
"TBX3",0,0,0,0,-1,0,1,0,0,0,0,0,0,0,0,0,0,0,0,0,0,0,0,0,0,0,0,0,0,0,1,0,0,0,1,1,0,0,0,1,0,1,0,0,0,0,0,0,0,0,0,0,0,0,0,0,0,0,0,0,0,0,0,0,0,0,0,0,0,0,0,1,0,0,1,0,0,0,0,0,0,0,2,0,0,0,0,0,-1,0,0,0,0,1,0,0,0,1,0,0,0,0,0,0,0,0,0,0,0,0,0,0,-1,0,0,0,0,0,0,0,0,0,0,0,0,0,0,0,-1,-1,-1,0,0,0,0,0,0,0,0,-1,1,0,1,1,1,0,0,0,0,0,0,0,0,0,0,0,-1,-1,0,0,0,0,0,1,1,1,0,0,1,0,-1,0,0,0,1,-1,0,0,0
"MSX2",0,0,0,-1,0,-1,0,0,0,0,0,-1,0,-1,0,0,-1,0,0,0,0,0,0,0,0,0,0,0,0,0,-1,0,0,-1,0,-1,0,0,0,0,-1,0,-1,0,0,-1,-1,0,-1,0,0,0,0,0,-1,0,0,0,0,0,0,0,0,NA,0,0,0,0,0,-1,0,0,0,0,0,0,0,0,0,0,0,0,0,0,0,0,0,0,-1,0,1,-1,0,-1,-1,0,0,-1,0,-1,-1,0,0,0,-1,-1,0,0,0,-1,0,-1,-1,0,1,0,0,0,-1,-1,0,0,-1,-1,0,0,0,0,-1,-1,0,0,0,0,0,0,0,-1,-1,-1,0,0,0,0,-1,0,0,-1,0,0,-1,0,0,0,0,0,1,-1,1,-1,-1,0,0,-1,0,0,0,0,0,0,-1,0,-1,0,-1,0,-1,0,0
"ZNF367",0,-1,0,-1,-1,-1,0,-1,0,1,-1,0,0,-1,0,-1,-1,-1,-1,-1,0,-1,-1,0,0,-1,0,-1,0,0,-1,-1,-1,-1,0,-1,-1,0,-1,-1,0,-1,-1,-1,-1,-1,0,-1,0,0,-1,-1,-1,0,-1,0,-1,0,-1,0,0,0,-1,NA,0,0,0,0,-1,0,-1,-1,-1,-1,-1,-1,-1,-1,-1,0,0,0,-1,0,0,-1,-1,0,-1,-1,-1,0,0,-1,-1,0,-1,0,0,-1,0,0,-1,0,0,0,0,0,0,0,0,-1,0,0,0,1,0,0,-1,0,0,0,-1,0,0,0,0,1,0,-1,0,-1,0,0,0,0,0,0,0,0,0,0,0,0,0,0,0,-1,0,1,-1,0,-1,0,0,0,-1,0,-1,-1,0,0,0,0,0,0,0,0,1,-1,1,0,-1,0,-1,0,0,0,0
"ELF5",-1,-1,-1,-1,-1,0,-1,0,0,0,-1,-1,0,-1,0,0,-1,0,0,0,0,0,0,0,0,0,0,-1,0,0,0,0,-1,-1,0,-1,-1,0,0,0,0,0,-1,-1,0,-1,0,-1,0,0,0,0,0,0,-1,0,0,NA,-1,0,0,0,0,NA,0,0,0,0,0,0,0,0,0,0,0,0,-1,0,-1,-1,-1,0,-1,0,-1,-1,0,-1,-1,-1,-1,-1,1,-1,-1,0,0,0,0,0,0,0,-1,-1,0,0,0,0,0,0,0,-1,-1,0,1,0,-1,0,0,0,-1,1,-1,0,-1,-1,0,0,0,0,-1,-1,0,0,0,0,0,1,0,-1,0,-1,1,0,-1,0,-1,0,0,0,-1,0,-1,0,0,0,0,0,-1,-1,-1,0,0,-1,0,0,0,0,0,0,-1,0,-1,0,-1,-1,0,0,0
"CRABP2",1,1,1,0,1,1,0,0,0,1,0,0,0,1,0,0,1,1,0,1,0,0,0,1,0,0,1,1,0,0,-1,0,1,0,-1,1,1,0,0,0,0,1,0,0,0,0,0,0,1,0,0,0,0,1,1,0,0,NA,0,0,NA,NA,NA,NA,-1,0,0,0,NA,1,1,1,1,0,0,1,1,0,1,1,0,0,0,NA,0,1,0,1,1,0,1,0,-1,1,1,0,0,0,0,0,1,0,1,1,0,0,-1,0,1,0,0,0,0,0,1,1,0,0,0,-1,1,0,0,0,-1,1,0,1,0,-1,1,0,1,1,1,0,1,1,0,1,0,-1,0,1,0,0,1,0,0,1,1,0,0,0,1,0,1,0,0,0,0,0,0,0,0,0,0,1,0,0,1,1,0,0,1,0,0,0,1
"SETBP1",-1,1,0,-1,1,-1,0,-1,0,0,-1,0,0,0,0,0,-1,0,0,0,0,0,0,0,0,0,0,0,0,0,0,0,0,-1,0,-1,0,0,0,-1,0,0,-1,-1,0,-1,0,-1,0,0,0,0,0,0,1,0,0,NA,0,0,NA,0,0,NA,0,0,0,0,NA,0,0,0,-1,0,1,0,0,0,0,0,-1,0,0,0,-1,0,0,-1,1,0,-1,0,-1,-1,-1,0,0,0,0,-1,-1,0,-1,0,0,0,0,0,0,0,0,-1,0,0,-1,0,0,0,-1,-1,1,0,0,-1,-1,0,0,0,-1,0,-1,0,-1,-1,-1,0,0,1,-1,-1,0,-1,0,0,-1,-1,-1,0,0,-1,-1,0,-1,-1,0,-1,-1,1,0,-1,-1,0,0,0,0,-1,0,-1,-1,-1,-1,1,-1,0,0,0,0,0,-1
"PRRX1",0,1,1,0,1,1,1,0,0,1,0,0,0,1,0,0,1,1,0,1,0,0,0,1,0,0,1,1,0,0,0,0,1,0,0,1,1,0,0,0,0,1,0,0,0,1,0,0,1,0,0,0,0,1,1,0,0,0,0,0,0,0,0,0,0,0,0,0,0,1,1,1,1,0,0,1,1,0,1,1,0,0,0,1,0,1,1,1,1,0,1,0,-1,1,1,0,0,0,0,0,1,0,0,0,0,0,0,0,1,0,0,1,0,0,1,1,0,0,0,0,1,0,0,0,-1,1,0,0,0,-1,-1,0,-1,1,1,0,0,1,0,1,0,-1,0,1,0,0,1,0,0,-1,1,0,0,0,1,0,0,0,0,0,0,0,0,0,0,1,0,1,0,0,-1,1,0,0,1,1,0,0,0
"TRIM22",-1,-1,-1,-1,-1,-1,-1,0,0,1,-1,-1,0,-1,0,0,-1,0,0,0,0,0,0,0,0,0,0,-1,0,0,0,0,0,-1,0,-1,-1,0,0,-1,0,-1,-1,-1,0,-1,0,-1,0,0,0,0,0,0,-1,0,0,0,-1,0,0,0,0,-1,0,0,0,0,0,0,0,0,0,0,0,0,-1,0,-1,-1,-1,0,-1,0,-1,-1,0,-1,-1,-1,-1,-1,0,-1,0,0,0,0,0,0,0,0,-1,-1,0,1,0,0,0,0,0,-1,-1,0,1,0,-1,0,0,0,-1,0,-1,0,-1,-1,0,0,-1,0,-1,-1,0,0,0,0,0,1,-1,-1,0,-1,-1,-1,-1,0,-1,-1,0,0,-1,0,-1,0,-1,-1,-1,-1,-1,0,-1,0,0,-1,0,0,0,0,-1,0,-1,-1,-1,0,-1,-1,0,0,0
"TNFAIP3",-1,-1,-1,-1,0,1,0,0,0,0,0,0,0,0,0,0,0,0,0,0,0,0,0,0,0,0,0,-1,0,0,0,0,0,0,0,0,0,0,0,-1,-1,0,-1,0,0,-1,0,0,0,0,0,0,0,0,0,0,0,0,0,0,0,0,0,NA,0,0,0,0,0,0,0,0,0,0,0,0,-1,0,0,0,0,0,0,0,-1,0,0,1,-1,-1,0,-1,-1,-1,-1,0,0,0,0,-1,-1,0,-1,-1,-1,0,-1,0,1,0,0,-1,0,0,-1,1,1,0,0,0,0,0,-1,-1,0,0,1,-1,1,-1,0,-1,0,-1,0,0,-1,0,0,-1,0,0,0,-1,-1,0,1,-1,0,1,-1,0,-1,0,0,0,0,-1,0,0,0,0,0,0,0,0,0,0,-1,0,-1,1,-1,0,-1,-1,0,0,0
"FOSL1",0,0,0,0,-1,1,0,0,0,0,-1,1,0,0,0,0,0,0,0,1,1,0,0,0,1,0,0,0,0,0,0,0,1,0,0,-1,0,0,0,0,0,0,0,0,0,-1,0,1,0,0,0,0,0,0,-1,0,0,0,0,0,0,0,0,NA,-1,0,0,0,NA,0,1,1,1,0,0,0,0,0,0,-1,0,0,0,0,-1,1,0,-1,-1,-1,1,0,0,1,0,0,0,0,0,0,-1,0,1,-1,0,1,0,1,0,0,0,0,-1,0,1,0,0,0,0,-1,-1,0,1,0,1,1,0,0,0,0,-1,0,1,0,0,0,0,1,-1,0,0,0,1,0,1,0,1,-1,0,0,-1,0,0,0,-1,0,0,-1,1,1,0,0,0,1,0,1,0,0,1,0,1,0,-1,1,1,0,0,0,1
"NR4A2",-1,-1,0,0,0,1,0,0,0,0,0,0,0,0,0,0,0,0,1,0,0,0,0,0,0,0,0,0,0,0,0,0,0,0,-1,0,0,0,0,0,-1,0,-1,0,0,-1,-1,0,0,0,0,0,0,0,0,0,0,0,0,0,0,0,0,NA,0,0,0,0,0,0,0,0,0,0,0,0,0,0,0,0,0,-1,0,0,0,0,0,0,-1,-1,0,0,0,0,0,0,0,0,0,-1,-1,0,0,1,-1,1,0,1,0,0,0,0,0,0,0,0,0,1,0,0,0,0,0,0,1,0,0,0,-1,0,-1,-1,0,-1,0,0,0,0,1,0,0,-1,0,0,0,0,0,0,0,0,-1,0,0,0,0,0,1,-1,0,0,-1,0,0,0,0,0,0,-1,-1,0,-1,-1,-1,0,1,0,0,0,0
"TRIM31",-1,0,0,0,0,0,0,1,1,0,0,0,0,1,1,1,1,0,0,1,0,0,0,0,0,0,0,1,0,0,0,0,1,0,0,0,0,0,0,0,0,1,0,1,0,1,0,0,1,0,0,0,0,-1,0,1,0,0,0,0,0,0,1,0,0,0,0,0,0,0,1,1,1,0,0,0,0,0,0,0,1,0,0,0,0,0,0,0,1,-1,0,0,0,0,0,1,0,1,0,1,1,1,0,0,-1,1,0,0,1,0,0,-1,-1,0,-1,1,1,0,1,0,-1,1,1,0,1,0,0,-1,0,-1,1,0,1,1,-1,0,0,-1,0,1,0,1,1,1,0,1,1,0,0,1,1,1,1,1,0,0,1,-1,0,1,0,0,0,0,0,1,0,0,0,-1,1,0,0,1,0,1,0,0,0
"TRIP13",2,2,-1,-1,0,1,1,0,0,0,-1,1,0,-1,1,1,1,0,0,1,0,0,0,0,1,0,1,1,0,0,0,0,1,1,0,2,0,0,0,1,1,1,1,0,0,1,0,0,0,0,0,0,0,0,1,0,0,0,1,0,-1,0,0,0,-1,0,0,0,1,0,1,1,1,0,0,0,1,1,-1,1,1,0,0,0,-1,0,-1,0,1,1,1,0,0,1,1,0,1,1,0,1,1,1,0,-1,0,0,0,1,1,1,0,0,0,0,-1,1,1,0,1,-1,0,0,1,-1,1,1,0,0,0,-1,0,0,1,1,0,0,0,1,0,0,0,0,0,0,0,0,1,1,0,0,-1,0,0,1,0,1,0,1,0,1,1,0,0,0,0,1,0,0,1,0,2,1,0,1,1,0,1,1,1
"ID1",0,1,1,1,0,0,1,1,0,0,1,0,0,0,0,0,1,0,0,1,0,0,0,0,0,0,0,0,0,0,0,0,1,1,1,1,0,0,0,0,1,0,0,0,0,1,0,1,0,0,0,0,0,0,1,0,0,0,1,0,NA,0,0,NA,0,0,0,0,NA,1,1,1,1,0,1,1,0,0,0,0,0,0,0,0,0,0,2,1,0,0,1,0,1,1,1,0,0,1,0,1,1,0,1,0,0,1,1,0,0,1,0,0,1,0,0,1,1,0,0,0,1,0,0,0,1,1,0,1,0,1,0,0,1,1,1,0,0,1,0,0,0,0,1,1,1,0,1,1,0,0,1,0,1,1,1,0,1,0,1,1,0,0,0,0,0,1,0,0,1,1,1,1,0,0,1,1,0,0,1
"HOXA1",0,0,0,0,0,0,0,0,0,0,-1,0,0,0,0,-1,-1,0,0,1,0,0,0,0,1,0,0,1,0,0,0,0,0,-1,1,0,1,0,0,0,0,0,1,0,0,-1,0,0,0,0,0,0,0,0,0,0,0,NA,0,0,0,0,1,NA,0,-1,0,0,NA,1,1,0,1,0,1,0,0,0,0,1,0,0,0,0,0,0,0,0,0,0,1,0,0,1,0,-1,0,0,0,1,-1,0,0,-1,1,1,0,1,0,1,0,0,1,0,1,1,1,0,0,0,0,0,0,0,0,1,0,0,0,0,0,0,1,1,0,0,0,0,0,0,0,0,-1,0,0,0,1,0,0,1,-1,0,0,0,1,0,1,-1,1,1,0,0,0,-1,0,0,0,0,1,-1,1,1,0,1,1,1,0,0,0
"SNAI2",0,1,0,0,1,0,1,1,0,0,-1,1,1,0,0,0,0,0,0,0,0,0,0,0,0,0,0,1,0,0,1,0,0,0,1,0,0,0,0,0,1,0,0,0,0,-1,0,1,0,0,0,0,0,0,1,0,0,0,0,1,0,NA,NA,NA,0,0,0,0,NA,0,0,0,0,0,1,0,0,0,0,0,0,0,0,0,0,0,0,1,0,-1,1,1,1,1,0,0,0,1,0,1,-1,0,0,1,0,0,1,1,0,0,0,0,0,0,1,2,1,0,0,0,-1,0,0,0,1,0,0,1,1,1,0,1,1,0,0,0,0,1,1,0,1,1,1,0,0,0,0,0,NA,0,-1,0,0,0,-1,1,0,0,1,1,0,0,0,1,1,1,0,1,1,1,-1,0,0,0,1,1,-1,1,1
"FOXF1",0,-1,0,0,0,0,-1,0,0,0,0,0,0,0,0,0,-1,0,0,0,0,0,0,0,0,0,-1,1,0,0,0,0,0,1,0,-1,0,0,0,-1,0,0,-1,0,0,-1,0,-1,0,0,0,0,0,0,0,0,0,0,1,0,0,0,0,0,-1,0,0,0,0,0,1,0,0,0,1,-1,0,0,0,0,0,0,0,0,1,0,0,-1,-1,0,0,0,0,0,0,0,0,0,0,0,-1,0,0,-1,0,1,0,-1,0,1,0,1,0,0,0,0,0,0,0,-1,-1,0,1,0,0,0,0,1,-1,-1,-1,1,-1,0,-1,0,0,1,-1,0,0,0,-1,0,0,0,1,-1,0,-1,-1,0,0,0,0,-1,1,-1,0,-1,0,0,0,0,0,0,0,-1,0,0,1,-1,0,0,1,1,0,0,1
"GATA6",0,1,0,0,1,1,1,0,0,1,-1,0,0,0,0,0,1,0,0,0,0,0,0,0,0,0,0,1,0,0,0,0,0,0,0,-1,0,0,0,0,0,0,0,-1,0,-1,-1,-1,0,0,0,0,0,0,0,0,0,0,0,0,0,0,0,0,0,0,0,0,0,0,1,0,0,0,1,0,0,0,0,0,0,-1,0,0,-1,0,0,0,-1,0,0,0,0,1,0,0,0,0,0,0,-1,0,0,0,0,1,0,0,0,0,0,0,0,0,1,1,0,0,0,-1,0,0,0,0,0,0,0,1,0,-1,-1,0,0,0,0,0,0,1,1,0,0,-1,0,0,0,0,1,0,0,0,-1,0,-1,0,0,0,1,1,0,0,-1,0,0,0,0,0,0,-1,1,0,0,1,-1,0,0,1,0,0,1
"LMO3",0,1,-1,0,-1,1,1,0,0,0,0,-1,0,0,0,0,0,0,0,0,0,0,0,0,0,0,0,0,0,0,0,0,0,0,1,0,0,0,0,0,0,1,0,0,0,0,0,0,0,0,0,0,0,0,0,0,0,NA,0,0,NA,0,0,NA,0,0,0,0,0,0,0,1,0,0,1,0,0,0,0,0,0,1,0,0,0,0,0,0,0,0,1,0,1,1,0,0,0,1,0,0,0,0,0,1,0,0,0,0,0,0,0,0,-1,0,0,1,0,1,0,0,0,0,0,-1,0,0,0,1,-1,-1,0,0,0,0,0,0,0,0,1,-1,0,-1,0,1,1,0,1,0,-1,-1,1,0,0,0,1,0,1,-1,1,0,0,0,0,0,0,1,0,0,0,0,1,1,-1,0,-1,0,-1,0,0
"HOXA13",0,0,0,0,0,0,0,0,0,0,-1,0,0,0,0,-1,-1,0,0,1,0,0,0,0,1,0,0,1,0,0,0,0,0,-1,1,0,1,0,0,0,0,0,1,0,0,-1,0,0,0,0,0,0,0,0,0,0,0,NA,0,0,0,0,1,NA,0,-1,0,0,NA,1,1,0,1,0,1,0,0,0,0,1,0,0,0,0,0,0,0,0,0,0,1,0,0,1,0,-1,0,0,0,1,-1,0,0,-1,1,1,0,1,0,1,0,0,1,0,1,1,1,0,0,0,0,0,0,0,0,1,0,0,0,0,0,0,1,1,0,0,0,0,0,0,0,0,-1,0,0,0,1,0,0,1,-1,0,0,0,1,0,1,-1,1,1,0,0,0,-1,0,0,0,0,1,-1,1,1,0,1,1,1,0,0,0
"EGR3",0,1,-1,0,-1,-1,-1,-1,0,0,-1,-1,-1,0,0,0,-1,0,0,0,0,0,0,0,0,0,0,0,0,0,1,-1,-1,0,-1,-1,-1,0,0,-1,-1,0,-1,-1,0,-2,-1,-1,0,0,0,0,0,0,-1,0,0,0,0,-1,0,0,0,0,0,0,0,0,0,-1,1,0,0,0,1,0,-1,0,-1,0,0,-1,-1,0,-1,0,-1,-1,-1,-1,-1,-1,-1,0,0,-1,0,-1,-1,0,-1,0,-1,-1,0,-1,-1,1,-1,0,0,-1,-1,0,-1,-1,0,0,0,1,-1,0,0,-1,-1,0,-1,-1,-1,-1,-1,-1,-1,1,0,0,-1,-1,0,0,0,-1,0,-1,-1,0,-1,-1,0,0,-1,0,0,0,-1,-1,-1,1,-1,1,0,0,0,-1,1,-1,0,-1,0,1,0,-1,-1,0,0,-1,-1,0,-1
"EGR1",0,0,0,0,0,-1,0,0,0,0,0,0,0,-1,0,0,-1,0,0,0,0,0,0,0,0,0,0,0,0,0,0,0,0,-1,0,-1,0,0,0,0,-1,0,-1,0,0,-1,-1,0,0,0,0,0,0,0,-1,0,0,NA,0,0,NA,0,0,NA,0,0,0,0,0,0,0,0,0,0,0,0,0,0,0,0,0,0,0,NA,0,0,0,0,-1,0,-1,-1,0,-1,-1,0,0,-1,0,-1,-1,0,0,0,-1,-1,0,0,0,-1,0,-1,-1,0,1,0,0,0,-1,-1,0,0,1,-1,0,1,0,0,-1,-1,0,0,0,0,-1,0,0,-1,-1,-1,0,0,0,0,-1,0,0,0,0,0,-1,0,0,0,0,0,0,-1,1,-1,-1,0,0,-1,0,0,NA,-1,0,0,0,0,-1,0,-1,0,-1,0,0
"ID4",1,0,0,0,0,0,1,0,0,0,0,0,0,0,0,0,0,0,0,0,0,0,0,0,0,0,0,1,0,0,0,0,1,0,1,0,0,0,0,0,0,1,0,0,0,-1,0,0,0,0,0,0,0,0,0,0,0,NA,0,0,NA,0,0,NA,0,0,NA,0,NA,0,1,0,0,0,0,0,0,0,0,0,0,0,0,NA,1,0,0,1,1,-1,0,2,0,0,0,0,NA,1,0,1,2,0,0,1,-1,1,0,0,1,0,0,-1,1,0,0,2,1,0,0,1,0,0,0,0,1,0,0,-1,0,-1,2,0,2,1,0,0,1,2,0,0,0,1,0,1,0,0,2,1,0,1,2,0,1,1,0,0,1,-1,0,0,0,0,0,0,NA,1,0,0,1,-1,1,0,0,0,0,1,0,0,1
"HOXB6",1,1,1,0,0,1,1,0,0,0,0,0,0,0,0,0,-1,0,0,0,0,0,0,0,0,1,0,0,0,0,0,0,0,1,1,0,0,0,0,1,0,1,0,0,0,0,0,0,0,0,0,0,0,0,0,0,0,0,1,0,0,0,0,NA,0,0,0,0,0,0,1,0,0,0,1,1,0,0,0,0,0,0,0,1,0,0,1,1,0,-1,1,0,0,1,0,0,0,0,0,0,0,0,1,-1,0,1,0,0,0,0,0,0,0,0,1,0,0,0,0,0,0,0,0,0,1,1,0,-1,-1,0,1,0,1,0,0,0,0,1,0,0,0,0,1,0,0,0,0,0,0,-1,0,0,0,0,1,0,-1,1,1,1,0,0,0,0,0,1,0,0,1,1,1,1,-1,0,1,-1,1,0,-1
"MYOCD",0,1,-1,0,0,0,-1,0,0,0,0,0,0,-1,0,0,0,0,0,0,0,0,0,0,0,0,0,0,0,0,0,0,0,-1,1,0,0,0,0,-1,-1,-1,-1,0,-1,0,-1,-1,0,0,0,0,0,0,-1,0,0,0,0,0,0,-1,0,NA,0,0,0,0,0,-1,-1,0,-1,0,1,0,-1,0,0,0,0,-1,0,1,-1,0,-1,0,-1,-1,-1,-1,-1,0,-1,0,0,0,0,-1,0,0,-1,-1,-1,0,0,0,0,0,0,-1,0,0,-1,0,0,0,-1,-1,0,0,-1,0,-1,0,0,-1,-1,-1,-1,-1,1,-1,0,0,0,1,0,-1,0,-1,0,0,0,0,0,-1,0,-1,0,0,-1,0,-1,-1,0,0,-1,-1,-1,0,0,0,0,0,0,-1,-1,0,1,1,-1,0,-1,-1,-1,0,-1
"FOSB",0,1,0,0,0,1,1,0,0,0,0,1,0,0,0,1,0,0,0,1,1,0,0,1,0,0,0,0,0,0,0,0,1,0,1,-1,-1,0,0,0,0,1,0,0,0,0,0,0,0,0,0,0,0,0,0,0,0,0,0,0,0,0,0,0,-1,0,0,0,1,0,1,1,1,0,1,0,0,0,0,0,0,-1,0,0,-1,0,0,0,0,0,0,0,0,1,1,0,0,1,0,1,1,0,0,-1,1,1,0,-1,1,1,0,-1,0,0,0,0,0,0,0,-1,0,0,1,-1,1,1,0,1,-1,0,0,0,1,1,1,0,0,1,-1,0,0,0,1,0,0,0,0,0,0,0,0,0,0,0,0,-1,1,1,1,1,0,0,0,0,0,1,0,-1,1,0,1,1,-1,0,0,1,0,0,1
"SPOCD1",0,1,0,0,-1,0,1,0,0,0,0,0,0,0,0,0,1,0,0,0,0,0,0,0,0,0,0,0,0,0,0,0,0,0,1,-1,0,0,0,0,0,0,0,0,0,0,0,0,0,0,0,0,0,0,-1,0,0,0,0,0,0,0,0,0,-1,0,0,0,0,1,1,0,0,0,0,0,0,0,0,0,0,-1,0,0,0,0,0,0,0,0,0,0,0,0,-1,0,0,1,0,0,0,0,0,-1,0,0,-1,0,0,0,0,0,0,0,0,0,0,-1,0,-1,-1,0,0,0,0,0,0,0,-1,0,-1,0,0,1,1,0,0,1,0,0,0,0,0,0,0,0,0,0,0,-1,0,0,0,-1,0,-1,0,0,0,-1,-1,0,0,0,0,1,0,0,1,0,1,1,-1,0,0,0,0,0,0
"FOXQ1",1,0,-1,0,0,1,0,0,0,0,0,0,0,0,0,0,0,0,0,0,0,0,0,0,0,0,0,-1,0,0,0,0,1,0,-1,0,0,0,0,0,0,1,0,0,0,-1,0,0,0,0,0,0,0,0,0,0,0,0,0,0,0,0,0,0,0,0,0,0,0,0,1,0,0,0,0,0,0,0,0,0,0,0,0,0,-1,0,0,1,0,-1,0,-1,0,0,0,0,0,1,0,1,-1,0,0,0,-1,1,0,0,1,0,-1,-1,-1,0,0,0,0,0,0,0,0,0,0,0,1,0,0,-1,0,-1,0,0,1,1,0,0,-1,-1,0,0,0,1,0,0,0,0,0,0,0,1,-1,0,1,1,0,0,1,-1,0,0,0,0,0,0,0,1,0,-1,1,0,1,0,1,0,0,-1,0,0,0
"POU2AF1",-1,0,0,-1,-1,-1,-1,-1,0,0,-1,-1,0,0,0,0,0,0,0,0,0,0,0,0,0,0,0,-1,0,0,0,0,0,-1,0,-1,0,0,0,0,0,0,-1,-1,0,-1,0,1,0,0,0,0,0,0,-1,0,0,0,0,0,0,0,0,-1,0,0,0,0,0,0,0,-1,0,0,0,-1,-1,0,0,-1,0,0,0,0,0,1,0,-1,-1,-1,1,0,0,1,-1,0,0,0,0,0,-1,0,-1,1,0,1,-1,0,0,0,0,-1,-1,0,-1,0,-1,0,0,0,-1,0,0,-1,-1,-1,0,0,-1,0,-1,-1,0,0,0,0,0,1,-1,0,0,0,-1,-1,1,0,-1,-1,0,0,-1,0,0,0,0,-1,-1,-1,0,0,-1,0,0,1,0,0,0,0,-1,0,-1,0,-1,0,0,-1,0,0,-1
"FOXA1",0,0,0,-1,0,0,0,0,0,0,1,0,0,0,0,0,-1,0,0,0,0,0,0,0,0,0,0,0,0,0,0,0,0,0,0,0,0,0,0,0,0,0,0,0,0,-1,0,0,0,0,0,0,0,0,0,0,0,0,0,0,0,0,0,NA,0,0,0,0,NA,0,0,0,0,0,1,0,1,0,0,-1,0,0,0,0,0,0,0,-1,-1,0,0,-1,0,0,0,0,0,0,0,-1,-1,0,0,0,0,0,0,-1,-1,1,0,0,0,0,0,1,1,0,0,0,0,0,0,0,0,0,0,0,0,-1,-1,-1,0,1,0,0,0,1,0,0,0,-1,-1,0,0,0,-1,-1,0,1,0,0,0,0,0,0,1,1,-1,1,-1,0,0,0,0,0,0,0,0,0,0,0,-1,0,0,-1,0,0,-1
"TGFB1I1",-1,0,-1,0,0,0,-1,0,0,0,-1,1,1,0,0,0,-1,0,0,0,0,0,0,0,1,0,0,1,0,0,0,0,1,1,0,-1,1,0,0,0,0,0,-1,0,0,-1,0,0,0,0,0,0,0,0,0,0,0,0,1,0,0,0,0,NA,0,0,0,0,0,0,1,0,1,0,1,0,0,0,0,0,0,0,0,1,0,0,0,-1,-1,0,1,1,0,0,0,0,0,-1,0,0,1,0,0,0,0,-1,0,-1,0,0,0,0,-1,0,0,0,0,0,0,0,0,0,0,0,0,0,0,0,0,-1,-1,0,0,0,-1,0,0,0,0,-1,0,0,1,0,-1,0,0,1,0,-1,-1,0,0,0,0,-1,1,-1,0,0,0,0,0,0,0,1,0,0,0,0,1,0,0,0,-1,0,1,0,0
"HCLS1",0,1,0,0,0,0,1,0,0,0,0,1,0,0,0,0,0,0,0,0,0,0,0,0,0,0,0,1,0,0,0,0,0,0,1,1,0,0,0,0,1,0,0,0,0,1,0,0,0,0,0,0,0,0,1,0,0,NA,0,0,NA,NA,NA,NA,0,0,0,NA,NA,1,0,1,0,0,0,0,0,0,0,0,0,0,0,NA,1,0,1,1,0,0,0,0,0,1,0,0,NA,1,0,0,0,0,1,1,-1,1,1,-1,0,0,1,0,0,0,1,0,0,0,0,0,0,0,0,0,0,1,0,0,0,0,1,0,0,1,NA,0,0,0,0,0,0,0,0,0,1,1,-1,0,0,1,1,0,0,0,1,1,0,0,1,-1,0,0,0,0,0,1,0,1,0,0,-1,1,0,0,1,1,0,0,0
"HOXC6",0,0,0,0,-1,1,-1,0,0,0,0,1,0,0,0,0,0,0,0,0,0,0,0,0,0,0,0,0,0,0,0,0,0,0,1,0,0,0,0,0,0,1,0,0,0,0,0,0,0,0,0,0,0,0,0,0,0,0,0,0,0,0,0,0,0,0,0,0,0,0,1,1,0,0,1,0,0,0,0,0,0,0,0,0,0,0,0,0,0,0,0,0,0,1,0,0,0,0,0,0,0,0,0,0,-1,0,0,0,0,0,0,0,-1,0,0,0,0,-1,0,-1,0,0,0,-1,0,0,0,0,-1,-1,0,0,0,0,0,0,0,0,0,-1,0,0,0,0,0,0,0,0,0,-1,1,0,0,0,0,0,0,-1,1,0,0,0,0,0,0,1,0,0,1,0,1,0,-1,0,1,-1,0,0,0
"EMX2",-1,0,-1,-1,0,-1,-1,0,0,0,0,0,0,-1,0,0,-1,0,0,0,0,0,0,0,0,0,0,-1,0,0,0,0,0,-1,0,0,0,0,-1,-1,0,-1,0,0,0,-1,-1,0,0,0,0,0,0,0,-1,0,0,0,-1,0,0,0,0,0,0,0,0,0,0,-1,0,0,-1,0,0,0,-1,0,0,0,-1,-1,0,0,-1,0,0,-1,-1,-1,-1,0,-1,-1,0,0,-1,-1,0,-1,-1,0,0,0,-1,-1,-1,0,0,0,-1,0,-1,0,0,0,-1,0,0,-1,0,0,-1,0,0,0,0,0,-1,-1,-1,-1,-1,-1,-1,0,-1,0,0,-1,0,0,-1,0,0,0,0,-1,0,-1,-1,0,0,0,0,-1,1,-1,1,-1,0,0,0,0,0,0,0,-1,-1,0,-1,0,-1,0,-1,-1,-1,0,0
"IRX3",0,-1,0,0,0,0,-1,0,0,0,0,0,0,0,0,0,0,0,0,0,0,0,0,NA,NA,NA,-1,NA,0,NA,NA,NA,NA,NA,0,NA,0,0,0,-1,0,0,-1,0,0,-2,0,-1,0,0,0,NA,0,0,0,NA,0,0,1,0,0,0,0,NA,0,0,0,0,0,NA,NA,0,NA,0,1,-1,0,0,0,0,0,0,0,0,0,0,0,-1,-1,0,0,0,0,0,0,0,0,-1,0,0,-1,0,0,0,0,1,0,-1,0,1,0,1,0,0,0,0,0,NA,0,0,-1,NA,0,0,0,0,0,1,0,-1,-1,0,1,0,-1,0,-1,0,-1,0,0,0,-1,0,-1,0,0,-1,0,-1,-1,0,0,NA,0,-1,-1,-1,0,-1,0,0,NA,0,0,0,0,NA,0,0,-1,-1,0,0,1,0,-1,0,0
"PLAGL1",-1,-1,-1,-1,0,1,0,0,0,0,0,0,0,0,0,0,0,0,0,0,0,0,0,0,0,0,0,-1,0,0,0,0,0,0,0,0,0,0,0,-1,-1,0,-1,0,0,-1,0,0,0,0,0,0,0,0,0,0,0,0,0,0,0,0,0,NA,0,0,0,0,NA,0,0,0,0,0,0,0,-1,0,0,0,0,0,0,0,-1,0,0,1,-1,-1,0,-1,-1,-1,-1,0,0,0,0,-1,-1,0,-1,-1,-1,0,-1,0,1,0,0,-1,0,0,-1,1,1,0,0,0,0,1,-1,-1,0,0,0,-1,1,-1,0,-1,0,-1,0,0,-1,0,0,-1,0,0,0,-1,-1,0,-1,-1,0,0,-1,0,-1,0,0,0,0,-1,0,0,0,0,0,0,0,0,0,0,-1,0,-1,1,-1,0,-1,-1,0,0,0
"GRHL3",0,1,1,0,-1,0,1,0,0,0,0,0,0,0,0,0,1,0,0,0,0,0,0,0,0,0,0,0,0,0,0,0,0,-1,1,-1,0,0,0,0,0,0,0,0,0,0,0,0,0,0,0,0,0,0,1,0,0,0,0,0,0,0,0,0,-1,0,0,0,0,1,1,1,0,0,0,0,0,0,0,0,0,-1,0,0,0,0,0,0,0,0,0,0,0,0,-1,0,0,0,1,0,0,0,0,-1,0,0,-1,-1,0,0,0,0,0,0,0,0,0,-1,0,-1,-1,0,0,0,0,0,0,0,-1,0,0,1,-1,1,1,0,0,1,0,0,0,1,0,0,0,0,0,0,0,0,0,0,0,-1,0,-1,0,0,0,-1,-1,0,0,0,0,1,0,0,1,0,1,1,-1,0,0,0,0,0,0
"GATA3",-1,0,1,0,0,2,0,0,0,0,0,1,0,-1,0,0,0,0,0,0,0,0,0,0,0,0,1,1,0,0,0,0,0,0,1,0,0,0,0,0,1,0,0,0,0,0,0,0,0,0,0,0,0,0,0,0,0,NA,0,0,0,0,0,0,0,0,0,0,0,1,0,0,0,0,0,0,0,0,0,0,0,1,0,0,0,0,0,1,1,-1,0,0,0,1,0,0,0,0,0,0,0,0,1,-1,0,1,1,0,0,1,0,1,-1,0,0,1,0,0,0,0,0,0,0,0,1,0,0,0,-1,-1,1,0,0,0,0,0,0,0,0,1,0,0,2,0,2,0,1,1,0,1,0,0,0,0,1,1,1,-1,-1,1,0,0,0,0,0,1,0,0,0,0,1,0,2,0,1,1,0,0,1
"FOS",0,0,0,-1,0,0,0,0,0,-1,0,0,0,0,0,0,-1,0,0,0,0,0,0,0,0,0,0,0,0,0,0,0,0,0,-1,0,0,0,0,0,0,0,0,-1,0,-1,-1,-1,0,0,0,0,0,0,0,0,0,0,0,0,0,0,-1,0,0,0,0,0,0,0,1,0,0,0,1,0,1,0,0,-1,0,0,0,0,-1,0,0,-1,-1,0,0,-1,0,0,0,0,0,0,0,-1,-1,0,0,-1,0,1,1,-1,-1,1,-1,0,0,0,0,1,1,0,0,-1,0,0,0,0,0,0,0,0,-1,-1,-1,-1,1,1,0,0,0,1,0,0,0,-1,-1,-1,0,0,1,-1,0,2,0,0,-1,0,0,0,1,1,-1,1,-1,0,0,0,0,0,0,0,0,0,0,1,-1,0,0,-1,0,0,-1
"EGR2",-1,0,0,-1,0,-1,-1,0,0,0,0,0,0,-1,0,0,-1,0,0,0,0,0,0,0,0,0,0,-1,0,0,0,0,0,0,0,1,0,0,-1,-1,0,-1,0,0,0,-1,-1,0,0,0,0,0,0,0,-1,0,0,NA,0,0,NA,0,0,NA,NA,0,NA,0,NA,-1,0,0,0,0,0,0,-1,0,0,0,0,-1,0,1,0,0,0,-1,-1,-1,-1,0,-1,-1,0,0,0,0,0,-1,-1,0,0,0,-1,-1,-1,0,0,1,0,0,-1,0,0,0,-1,1,0,-1,0,0,-1,0,0,0,0,0,0,-1,-1,-1,-1,-1,-1,0,0,0,0,-1,0,0,-1,0,0,0,0,-1,0,-1,-1,0,0,0,1,0,1,-1,-1,-1,-1,0,0,0,0,0,0,-1,0,0,-1,0,0,0,-1,-1,0,0,0
"PPARG",0,1,1,0,0,1,1,0,0,1,0,1,0,0,0,0,0,0,0,0,0,0,0,0,0,0,0,1,0,0,0,0,0,0,1,0,0,0,0,0,1,1,1,0,0,1,0,0,0,0,0,0,0,0,1,0,0,NA,0,0,NA,0,0,NA,0,0,0,0,NA,1,1,2,0,0,0,0,0,0,0,0,0,0,0,NA,1,0,0,1,1,0,1,1,1,1,0,0,0,1,0,0,0,0,0,1,1,0,-1,-1,0,0,1,1,0,0,0,0,0,0,0,-1,1,0,0,-1,1,0,0,1,-1,0,0,-1,0,1,1,0,0,0,0,0,0,1,1,0,0,0,2,0,0,1,1,0,0,0,1,0,1,1,1,-1,-1,0,0,1,0,1,0,1,0,1,1,1,0,0,0,1,0,0,1
"SOX9",1,1,1,1,0,1,1,0,0,1,0,0,0,1,0,0,1,0,0,0,0,0,0,0,0,1,0,0,0,0,0,0,0,1,1,0,0,0,0,1,0,1,0,0,0,-1,0,0,0,0,0,0,0,0,0,0,0,0,1,0,0,0,0,0,0,0,0,0,0,0,0,0,0,0,1,0,0,0,0,0,0,0,0,0,0,0,1,1,0,-1,1,0,1,1,0,0,0,0,0,0,0,0,1,1,0,-1,0,0,0,0,0,-1,0,0,1,0,0,-1,0,0,0,0,0,0,1,1,0,0,-1,1,1,0,1,-1,0,0,0,1,0,0,0,0,1,0,-1,0,1,0,0,-1,0,0,0,0,1,0,1,1,0,1,0,0,0,0,0,1,0,-1,0,1,1,1,0,0,1,1,1,0,-1
